,data1,data2
IPW,2.9730169584388655,2.2010543359435957
1:1 ps matching,2.361404406586158,1.9803656310744755
S-learner (GBM),4.229103006643202,2.2811383001007135
T-learner (GBM),4.1701895371007245,2.517100732742952
X-learner (XGboost),4.457749564689987,2.474191716143296
